{
  "name": "rest-express",
  "version": "1.0.0",
  "type": "module",
  "license": "MIT",
  "scripts": {
    "dev": "NODE_ENV=development tsx server/index.ts",
    "build": "tsx script/build.ts",
    "start": "NODE_ENV=production node dist/index.cjs",
    "check": "tsc",
    "lint": "eslint . --ext .ts,.tsx",
    "lint:fix": "eslint . --ext .ts,.tsx --fix",
    "db:push": "drizzle-kit push",
    "db:generate": "drizzle-kit generate",
    "db:studio": "drizzle-kit studio",
    "test": "vitest run",
    "test:watch": "vitest",
    "test:ui": "vitest --ui",
    "test:unit": "vitest run tests/unit",
    "test:integration": "vitest run tests/integration",
    "test:e2e": "playwright test",
    "test:coverage": "vitest run --coverage",
    "prepare": "husky install || true"
  },
  "dependencies": {
    "@anthropic-ai/sdk": "^0.71.2",
    "@hookform/resolvers": "^3.10.0",
    "@jridgewell/trace-mapping": "^0.3.25",
    "@radix-ui/react-accordion": "^1.2.4",
    "@radix-ui/react-alert-dialog": "^1.1.7",
    "@radix-ui/react-aspect-ratio": "^1.1.3",
    "@radix-ui/react-avatar": "^1.1.4",
    "@radix-ui/react-checkbox": "^1.1.5",
    "@radix-ui/react-collapsible": "^1.1.4",
    "@radix-ui/react-context-menu": "^2.2.7",
    "@radix-ui/react-dialog": "^1.1.7",
    "@radix-ui/react-dropdown-menu": "^2.1.7",
    "@radix-ui/react-hover-card": "^1.1.7",
    "@radix-ui/react-label": "^2.1.3",
    "@radix-ui/react-menubar": "^1.1.7",
    "@radix-ui/react-navigation-menu": "^1.2.6",
    "@radix-ui/react-popover": "^1.1.7",
    "@radix-ui/react-progress": "^1.1.3",
    "@radix-ui/react-radio-group": "^1.2.4",
    "@radix-ui/react-scroll-area": "^1.2.4",
    "@radix-ui/react-select": "^2.1.7",
    "@radix-ui/react-separator": "^1.1.3",
    "@radix-ui/react-slider": "^1.2.4",
    "@radix-ui/react-slot": "^1.2.0",
    "@radix-ui/react-switch": "^1.1.4",
    "@radix-ui/react-tabs": "^1.1.4",
    "@radix-ui/react-toast": "^1.2.7",
    "@radix-ui/react-toggle": "^1.1.3",
    "@radix-ui/react-toggle-group": "^1.1.3",
    "@radix-ui/react-tooltip": "^1.2.0",
    "@sentry/node": "^10.32.1",
    "@sentry/react": "^10.32.1",
    "@tanstack/react-query": "^5.60.5",
    "@tanstack/react-virtual": "^3.13.18",
    "@types/archiver": "^7.0.0",
    "@types/bcrypt": "^6.0.0",
    "@types/memoizee": "^0.4.12",
    "@types/multer": "^2.0.0",
    "@types/node-cron": "^3.0.11",
    "@types/nodemailer": "^7.0.4",
    "@types/unzipper": "^0.10.11",
    "@types/web-push": "^3.6.4",
    "archiver": "^7.0.1",
    "bcrypt": "^6.0.0",
    "class-variance-authority": "^0.7.1",
    "clsx": "^2.1.1",
    "cmdk": "^1.1.1",
    "connect-pg-simple": "^10.0.0",
    "date-fns": "^3.6.0",
    "drizzle-orm": "^0.39.3",
    "drizzle-zod": "^0.7.0",
    "embla-carousel-react": "^8.6.0",
    "express": "^4.21.2",
    "express-rate-limit": "^8.2.1",
    "express-session": "^1.18.2",
    "framer-motion": "^11.13.1",
    "googleapis": "^148.0.0",
    "input-otp": "^1.4.2",
    "lucide-react": "^0.453.0",
    "memoizee": "^0.4.17",
    "memorystore": "^1.6.7",
    "multer": "^2.0.2",
    "nanoid": "^5.0.9",
    "next-themes": "^0.4.6",
    "node-cron": "^4.2.1",
    "nodemailer": "^7.0.12",
    "openai": "^6.15.0",
    "openid-client": "^6.8.1",
    "passport": "^0.7.0",
    "passport-local": "^1.0.0",
    "pg": "^8.16.3",
    "react": "^18.3.1",
    "react-day-picker": "^8.10.1",
    "react-dom": "^18.3.1",
    "react-hook-form": "^7.55.0",
    "react-icons": "^5.4.0",
    "react-resizable-panels": "^2.1.7",
    "recharts": "^2.15.2",
    "sharp": "^0.34.5",
    "stripe": "^20.1.0",
    "tailwind-merge": "^2.6.0",
    "tailwindcss-animate": "^1.0.7",
    "tw-animate-css": "^1.2.5",
    "unzipper": "^0.12.3",
    "vaul": "^1.1.2",
    "vite-plugin-pwa": "^0.21.1",
    "web-push": "^3.6.7",
    "winston": "^3.19.0",
    "wouter": "^3.3.5",
    "ws": "^8.18.0",
    "zod": "^3.24.2",
    "zod-validation-error": "^3.4.0"
  },
  "devDependencies": {
    "@playwright/test": "^1.42.0",
    "@replit/vite-plugin-cartographer": "^0.4.4",
    "@replit/vite-plugin-dev-banner": "^0.1.1",
    "@replit/vite-plugin-runtime-error-modal": "^0.0.3",
    "@tailwindcss/typography": "^0.5.15",
    "@tailwindcss/vite": "^4.1.18",
    "@testing-library/jest-dom": "^6.4.2",
    "@testing-library/react": "^14.2.1",
    "@testing-library/user-event": "^14.5.2",
    "@types/connect-pg-simple": "^7.0.3",
    "@types/express": "4.17.21",
    "@types/express-session": "^1.18.2",
    "@types/node": "20.19.27",
    "@types/passport": "^1.0.17",
    "@types/passport-local": "^1.0.38",
    "@types/react": "^18.3.11",
    "@types/react-dom": "^18.3.1",
    "@types/ws": "^8.5.13",
    "@typescript-eslint/eslint-plugin": "^7.0.0",
    "@typescript-eslint/parser": "^7.0.0",
    "@vitest/coverage-v8": "^1.3.1",
    "@vitest/ui": "^1.3.1",
    "@vitejs/plugin-react": "^4.7.0",
    "autoprefixer": "^10.4.20",
    "drizzle-kit": "^0.31.8",
    "esbuild": "^0.25.0",
    "eslint": "^8.57.0",
    "eslint-plugin-react": "^7.33.2",
    "eslint-plugin-react-hooks": "^4.6.0",
    "husky": "^9.0.11",
    "jsdom": "^24.0.0",
    "lint-staged": "^15.2.2",
    "msw": "^2.2.2",
    "postcss": "^8.4.47",
    "tailwindcss": "^3.4.17",
    "tsx": "^4.20.5",
    "typescript": "5.6.3",
    "vite": "^7.3.0",
    "vitest": "^1.3.1"
  },
  "overrides": {
    "drizzle-kit": {
      "@esbuild-kit/esm-loader": "npm:tsx@^4.20.4"
    }
  },
  "optionalDependencies": {
    "bufferutil": "^4.0.8"
  },
  "lint-staged": {
    "*.{ts,tsx}": [
      "eslint --fix",
      "vitest related --run"
    ]
  },
  "engines": {
    "node": ">=20.0.0"
  }
}
